﻿--
-- Script was generated by Devart dbForge Studio for MySQL, Version 8.0.40.0
-- Product home page: http://www.devart.com/dbforge/mysql/studio
-- Script date 17/02/2022 10:12:14
-- Server version: 5.5.5-10.1.40-MariaDB
-- Client version: 4.1
--

-- 
-- Disable foreign keys
-- 
/*!40014 SET @OLD_FOREIGN_KEY_CHECKS=@@FOREIGN_KEY_CHECKS, FOREIGN_KEY_CHECKS=0 */;

-- 
-- Set SQL mode
-- 
/*!40101 SET @OLD_SQL_MODE=@@SQL_MODE, SQL_MODE='NO_AUTO_VALUE_ON_ZERO' */;

-- 
-- Set character set the client will use to send SQL statements to the server
--
SET NAMES 'utf8';

--
-- Set default database
--
USE exitosmusicales;

--
-- Drop table `forman`
--
DROP TABLE IF EXISTS forman;

--
-- Drop table `albumes`
--
DROP TABLE IF EXISTS albumes;

--
-- Drop table `lanzan`
--
DROP TABLE IF EXISTS lanzan;

--
-- Drop table `canciones`
--
DROP TABLE IF EXISTS canciones;

--
-- Drop table `artistas`
--
DROP TABLE IF EXISTS artistas;

--
-- Drop table `grupos`
--
DROP TABLE IF EXISTS grupos;

--
-- Set default database
--
USE exitosmusicales;

--
-- Create table `grupos`
--
CREATE TABLE grupos (
  codigoGrupos int(11) NOT NULL AUTO_INCREMENT,
  nombre varchar(20) NOT NULL,
  PRIMARY KEY (codigoGrupos)
)
ENGINE = INNODB,
AUTO_INCREMENT = 101,
AVG_ROW_LENGTH = 163,
CHARACTER SET latin1,
COLLATE latin1_swedish_ci;

--
-- Create table `artistas`
--
CREATE TABLE artistas (
  codigoArtistas int(11) NOT NULL AUTO_INCREMENT,
  nombre varchar(50) NOT NULL,
  codigoGrupos int(11) DEFAULT NULL,
  PRIMARY KEY (codigoArtistas)
)
ENGINE = INNODB,
AUTO_INCREMENT = 101,
AVG_ROW_LENGTH = 163,
CHARACTER SET latin1,
COLLATE latin1_swedish_ci;

--
-- Create foreign key
--
ALTER TABLE artistas
ADD CONSTRAINT fk_grupos_artistas FOREIGN KEY (codigoGrupos)
REFERENCES grupos (codigoGrupos);

--
-- Create table `canciones`
--
CREATE TABLE canciones (
  codigoCanciones int(11) NOT NULL AUTO_INCREMENT,
  nombre varchar(50) NOT NULL,
  duracion int(50) NOT NULL,
  f_lanzamiento date NOT NULL,
  reproducciones int(11) NOT NULL,
  PRIMARY KEY (codigoCanciones)
)
ENGINE = INNODB,
AUTO_INCREMENT = 101,
AVG_ROW_LENGTH = 163,
CHARACTER SET latin1,
COLLATE latin1_swedish_ci;

--
-- Create table `lanzan`
--
CREATE TABLE lanzan (
  codigoLanza int(11) NOT NULL AUTO_INCREMENT,
  codigoArtistas int(11) NOT NULL,
  codigoCanciones int(11) NOT NULL,
  PRIMARY KEY (codigoLanza)
)
ENGINE = INNODB,
AUTO_INCREMENT = 101,
AVG_ROW_LENGTH = 163,
CHARACTER SET latin1,
COLLATE latin1_swedish_ci;

--
-- Create foreign key
--
ALTER TABLE lanzan
ADD CONSTRAINT fk_lazan_artistas FOREIGN KEY (codigoArtistas)
REFERENCES artistas (codigoArtistas);

--
-- Create foreign key
--
ALTER TABLE lanzan
ADD CONSTRAINT fk_lazan_canciones FOREIGN KEY (codigoCanciones)
REFERENCES canciones (codigoCanciones);

--
-- Create table `albumes`
--
CREATE TABLE albumes (
  codigoAlbumes int(11) NOT NULL AUTO_INCREMENT,
  genero varchar(50) NOT NULL,
  titulo varchar(50) NOT NULL,
  PRIMARY KEY (codigoAlbumes)
)
ENGINE = INNODB,
AUTO_INCREMENT = 101,
AVG_ROW_LENGTH = 163,
CHARACTER SET latin1,
COLLATE latin1_swedish_ci;

--
-- Create table `forman`
--
CREATE TABLE forman (
  codigoForman int(11) NOT NULL AUTO_INCREMENT,
  codigoCanciones int(11) NOT NULL,
  codigoAlbumes int(11) NOT NULL,
  PRIMARY KEY (codigoForman)
)
ENGINE = INNODB,
AUTO_INCREMENT = 101,
AVG_ROW_LENGTH = 163,
CHARACTER SET latin1,
COLLATE latin1_swedish_ci;

--
-- Create foreign key
--
ALTER TABLE forman
ADD CONSTRAINT fk_forman_albumes FOREIGN KEY (codigoAlbumes)
REFERENCES albumes (codigoAlbumes);

--
-- Create foreign key
--
ALTER TABLE forman
ADD CONSTRAINT fk_forman_canciones FOREIGN KEY (codigoCanciones)
REFERENCES canciones (codigoCanciones);

-- 
-- Dumping data for table grupos
--
INSERT INTO grupos VALUES
(1, 'Ella Gering'),
(2, 'Detlev Berg'),
(3, 'Dajana Wieser'),
(4, 'Avera  Abel'),
(5, 'Wigald Hackl'),
(6, 'Felini Singer'),
(7, 'Ennja Glauber'),
(8, 'Sigumari chall'),
(9, 'Fine Gardenberg'),
(10, 'Kalixtus Eichenwald'),
(11, 'Minona Sprenger'),
(12, 'Benno Wassermann'),
(13, 'Dietmar Altmann'),
(14, 'Lennika Zöller'),
(15, 'Bliktrud Honecker'),
(16, 'Adelisa  ack'),
(17, 'Radulf Heinemann'),
(18, 'Burgmann Uhlig'),
(19, 'Florien Appel'),
(20, 'Dorita Hildenbrand'),
(21, 'Sighilde Jensen'),
(22, 'Hannes Lichtenstein'),
(23, 'Danckleiff Högl'),
(24, 'Eustach Weiss'),
(25, 'Achime  Falkenstein'),
(26, 'Davi Feuchtwanger'),
(27, 'Dieter Krummacher'),
(28, 'Charlina Kesselhut'),
(29, 'Salvator umpf'),
(30, 'Catharina Klinger'),
(31, 'Barbelies Buchloh'),
(32, 'Gutta Klassen'),
(33, 'Krispin Abel'),
(34, 'Corwin Berend'),
(35, 'Ehrenfried Lerch'),
(36, 'Hellmuth Gekkel'),
(37, 'Balintt  Heine'),
(38, 'Dietz Adler'),
(39, 'Thea Laub'),
(40, 'Wikhard Burgdorf'),
(41, 'Adelisa  Arnold'),
(42, 'Leyna Dannenberg'),
(43, 'Itria Tetzner'),
(44, 'Annea Grünbaum'),
(45, 'Raginmar Gerngross'),
(46, 'Northild Mauch'),
(47, 'Amrei Kramer'),
(48, 'Ehrhard Kaltenbrunne'),
(49, 'Ille Brandes'),
(50, 'Annalise Dorn'),
(51, 'Yehla verbeck'),
(52, 'Danuel Krause'),
(53, 'Markolf Gartung'),
(54, 'Eligius Mauch'),
(55, 'Perez Taschenberg'),
(56, 'Elsi Knecht'),
(57, 'Zélenya Singer'),
(58, 'Xandra chs'),
(59, 'Nante Marschner'),
(60, 'Achime  Zuckermann'),
(61, 'Izusa Tausch'),
(62, 'Bendit Merkel'),
(63, 'Marei einhold'),
(64, 'Volkbert Schweizer'),
(65, 'Lantbert Kellermann'),
(66, 'Peronnik Jentsch'),
(67, 'Rafaela odersohn'),
(68, 'Annelore Hofer'),
(69, 'Dankmar Dötzer'),
(70, 'Adine  Kessler'),
(71, 'Askanja Lindenstraus'),
(72, 'Gotlinde Maler'),
(73, 'Joelline cheffer'),
(74, 'Clivia Braunfels'),
(75, 'Levia Herzog'),
(76, 'Iduna Makensen'),
(77, 'Wienand Josef'),
(78, 'Bartholomäa Spangenb'),
(79, 'Linya Kaltenbrunner'),
(80, 'Dagoberta Fischnalle'),
(81, 'Cäcilie Baumbach'),
(82, 'Ottomar Wegener'),
(83, 'Adine  Kallisen'),
(84, 'Jochen Böhm'),
(85, 'Burgmann Angst'),
(86, 'Raiko Altmann'),
(87, 'Godot Kleinmann'),
(88, 'Adelisa  Borsig'),
(89, 'Colias Kleist'),
(90, 'Algriet  Kugler'),
(91, 'Sigi Sievers'),
(92, 'Eva-Maria Möbius'),
(93, 'Fabius chultz'),
(94, 'Cyriacus Bering'),
(95, 'Lirabelle flüger'),
(96, 'Avera  Franke'),
(97, 'Markus Dötzer'),
(98, 'Alesia  Delbrück'),
(99, 'Siegher Kramer'),
(100, 'Helias ebinder');

-- 
-- Dumping data for table artistas
--
INSERT INTO artistas VALUES
(1, 'Marcel Casas', 23),
(2, 'Twila Bock', 46),
(3, 'Lavonia Whiteside', 26),
(4, 'Marine Turley', 59),
(5, 'Ruben Simpson', 81),
(6, 'Jamie Creech', NULL),
(7, 'Camie Burch', 22),
(8, 'Nathanael Medina', 98),
(9, 'Kathleen Burnside', 27),
(10, 'Shawn Deaton', 10),
(11, 'Azalee Wang', 31),
(12, 'Ahmed Abernathy', 19),
(13, 'Reina Adkins', 68),
(14, 'Raul Palma', 52),
(15, 'Kent Staton', 33),
(16, 'Britt Malley', NULL),
(17, 'Carol Abrams', 55),
(18, 'Johnnie Allard', 52),
(19, 'Enoch Dortch', 73),
(20, 'Kelley Hiatt', 78),
(21, 'Abe Christie', 8),
(22, 'Jackqueline Abraham', 4),
(23, 'Miesha Goldsmith', 42),
(24, 'Rudolph Staley', 14),
(25, 'Ada Barron', 94),
(26, 'Darwin Aguirre', 59),
(27, 'Ada Ackerman', 23),
(28, 'Kayleen Hogg', 78),
(29, 'Raphael Beckman', 78),
(30, 'Alejandro Norwood', NULL),
(31, 'Pearlene Starnes', 13),
(32, 'Abbie Bullard', 40),
(33, 'Mitchell Tanner', 7),
(34, 'Carmelita Abel', 43),
(35, 'Marvella Langston', NULL),
(36, 'Deena Seifert', 28),
(37, 'Audie Kearney', 77),
(38, 'Clemente Craddock', 97),
(39, 'Lavone Amos', 11),
(40, 'Merissa Minter', 23),
(41, 'Stevie Vallejo', 34),
(42, 'Christeen Oconnor', 47),
(43, 'Kecia Adcock', 71),
(44, 'Debbra Acuna', 43),
(45, 'Brady Street', 60),
(46, 'Greta Prosser', 50),
(47, 'Rick Trevino', 84),
(48, 'Theola Addison', 6),
(49, 'Joey Seiler', 6),
(50, 'Shawnda Cameron', 57),
(51, 'Jewel Plummer', 56),
(52, 'Loise Mayers', 5),
(53, 'Emmett Moulton', 42),
(54, 'Donovan Allison', 99),
(55, 'Eugenia Johansen', 3),
(56, 'Aleisha Story', 78),
(57, 'Ada Rapp', 46),
(58, 'Herschel Allison', 35),
(59, 'Sonny Epps', 86),
(60, 'Nicolas Dyer', 13),
(61, 'Stevie Frizzell', 14),
(62, 'Rolland Watson', NULL),
(63, 'Debby Concepcion', 94),
(64, 'Luis Cruse', 34),
(65, 'Jeremy Aranda', 42),
(66, 'Abdul Bergstrom', 20),
(67, 'Beau Poston', 22),
(68, 'Augustus Barnette', 15),
(69, 'Daron Lowery', 77),
(70, 'Martin Carpenter', 57),
(71, 'Ettie Fountain', NULL),
(72, 'Catherin Gaither', 34),
(73, 'Kim Desantis', 12),
(74, 'Clarinda Acker', 72),
(75, 'Adah Adair', 28),
(76, 'Robbie Canty', 80),
(77, 'Gilda Abney', 6),
(78, 'Jamel Washington', 43),
(79, 'Chiquita Headrick', 5),
(80, 'Bob Whitlow', 4),
(81, 'Maynard Mullins', 84),
(82, 'Elbert Abrams', NULL),
(83, 'Quentin Abraham', NULL),
(84, 'Carter Matlock', 16),
(85, 'Seth Martin', 37),
(86, 'Cassondra Quintana', 74),
(87, 'Carter Wilburn', 83),
(88, 'Kendrick Naranjo', NULL),
(89, 'Darrick Cardoza', 87),
(90, 'Henry Crump', 1),
(91, 'Kasey Savoy', 17),
(92, 'Eddy Snodgrass', 64),
(93, 'Isela Crittenden', 27),
(94, 'Aileen Ricks', 6),
(95, 'Lewis Kurtz', 80),
(96, 'Lorette Ortiz', 82),
(97, 'Maurice Mireles', 88),
(98, 'Magdalena Ogle', 85),
(99, 'Jenny Schulze', 90),
(100, 'Jackeline Acker', NULL);

-- 
-- Dumping data for table canciones
--
INSERT INTO canciones VALUES
(1, 'Bartel  Drews', 20, '1984-04-14', 1031234051),
(2, 'Kandidus Tissen', 15, '2014-12-20', 317),
(3, 'Holmer Albrecht', 6, '2020-05-03', 1615028769),
(4, 'Jörne einrhard', 8, '1979-06-22', 1053717723),
(5, 'Ayanta eumann', 15, '2011-05-26', 598782433),
(6, 'Ortwin Werner', 8, '2006-08-19', 638270729),
(7, 'Bartel  Albrecht', 19, '1970-06-01', 607),
(8, 'Käthe Abert', 8, '1970-02-08', 846700723),
(9, 'Wuotan Simmel', 7, '2000-02-17', 795971897),
(10, 'Deodat aulig', 14, '2018-01-15', 1244472781),
(11, 'Cäcilia ennenkampf', 2, '2009-10-23', 705407208),
(12, 'Annemaria Meier', 19, '1970-01-02', 1851),
(13, 'Gangolf ascher', 3, '2005-12-05', 407508161),
(14, 'Gangolf Ebel', 20, '1987-02-02', 1284402193),
(15, 'Barthel  Keller', 7, '1989-03-27', 125938228),
(16, 'Fania Kleinmann', 10, '1995-08-23', 5),
(17, 'Krabat Wolf', 9, '2019-01-23', 8),
(18, 'Bernger Glauber', 7, '1975-03-25', 2115035164),
(19, 'Gerbrand euner', 11, '2021-10-22', 72516481),
(20, 'Eckhart ockenhaupt', 15, '1970-12-25', 2105340258),
(21, 'Hunbert Ditmar', 3, '2005-10-26', 1371287101),
(22, 'Bertina Wagner', 3, '1978-04-19', 8022),
(23, 'Conczlin Zapf', 4, '1986-05-22', 2119250577),
(24, 'Volmar Krenz', 1, '1971-07-03', 175),
(25, 'Elisabell Lorenz', 8, '1999-01-05', 1288472485),
(26, 'Sigismund Fahrenkrog', 7, '1970-03-10', 3),
(27, 'Berendine Anger', 8, '1975-11-28', 982760648),
(28, 'Ermelinda Wentzel', 9, '1979-11-02', 182),
(29, 'Jamin Kleiber', 20, '1980-07-07', 620011103),
(30, 'Korvin Kalb', 5, '1985-03-20', 501911945),
(31, 'Fine üller', 1, '1970-01-03', 68),
(32, 'Liselotte Lungershausen', 5, '1997-10-01', 261028130),
(33, 'Liebwin Bachmann', 5, '1976-10-06', 1084577221),
(34, 'Gerwin chirrmann', 16, '1996-05-14', 1739526740),
(35, 'Widorna Hirsch', 18, '1981-02-19', 95),
(36, 'Adelisa  iedel', 13, '2004-10-21', 4563798),
(37, 'Balduin  Wagner', 4, '1980-12-14', 143),
(38, 'Lumina Bauer', 8, '1985-05-29', 1707726531),
(39, 'Kain Franke', 0, '1971-02-11', 1599892391),
(40, 'Gerbrand Genkel', 11, '1995-12-19', 1733369246),
(41, 'Zyriakus iemann', 18, '2014-05-02', 1230418792),
(42, 'Regelindis Luckner', 20, '1970-02-20', 756),
(43, 'Witold Küchler', 8, '2012-06-07', 1536187488),
(44, 'Eleyna Sievers', 12, '1970-10-21', 948512833),
(45, 'Armgart Abich', 9, '2005-03-28', 1367774220),
(46, 'Ruthart chön', 16, '1973-12-27', 1899167191),
(47, 'Ortolf Kraus', 10, '1990-04-23', 640211068),
(48, 'Eligius berländer', 11, '2017-06-25', 361870573),
(49, 'Gabi Abert', 8, '2001-12-26', 883818579),
(50, 'Anarhea abst', 6, '2006-12-22', 3567),
(51, 'Ruodlieb Meier', 20, '1972-08-14', 430286154),
(52, 'Juven König', 19, '1999-07-13', 1950084162),
(53, 'Reginhard ack', 2, '1970-07-14', 221937130),
(54, 'Florenzia Eichenwald', 7, '1971-06-17', 1137233009),
(55, 'Natanja Fischer', 20, '2005-12-11', 1020763037),
(56, 'Liandro omberg', 5, '2010-11-23', 530006308),
(57, 'Folke Kraus', 2, '1991-08-09', 697469404),
(58, 'Kresandra eimer', 20, '1986-01-10', 455417639),
(59, 'Oresta Abert', 20, '1990-06-10', 1140891913),
(60, 'Alvina Tauberg', 6, '1984-02-15', 1863780339),
(61, 'Safira Kamphausen', 12, '1971-03-27', 1363811485),
(62, 'Lisander Kallenberg', 1, '1990-03-09', 6),
(63, 'Irelia Frisch', 10, '1970-03-25', 771496416),
(64, 'Hanja Tissen', 13, '1998-09-05', 7),
(65, 'Alraune lehwe', 8, '2002-03-29', 65),
(66, 'Role chulmann', 8, '1971-04-09', 1),
(67, 'Merian Freund', 6, '2019-06-06', 621514698),
(68, 'Geruscha Lindenstrauss', 15, '2021-05-02', 1962043793),
(69, 'Atlantis Klassen', 9, '1995-02-11', 146),
(70, 'Raban Stumpf', 8, '1981-04-19', 1317729450),
(71, 'Bernharda Taschenberg', 5, '2010-11-01', 1762481460),
(72, 'Aloe Erdmann', 3, '2019-05-16', 427184569),
(73, 'Hilbert Simmel', 3, '1970-01-04', 1093102285),
(74, 'Elischa Lange', 20, '2000-01-11', 1475710864),
(75, 'Abbeygail  omberg', 18, '1980-03-21', 468),
(76, 'Balian  Jost', 16, '2004-04-26', 1781019529),
(77, 'Jehova Stumpf', 5, '1970-01-03', 84),
(78, 'Waldfried Kraft', 17, '2019-04-23', 59),
(79, 'Annelore Klemperer', 10, '2011-06-01', 431597550),
(80, 'Pamira Berger', 11, '1970-02-14', 3),
(81, 'Sivana Liebknecht', 2, '1971-05-27', 1122428558),
(82, 'Nausikaa Kurz', 4, '2000-03-17', 1751858783),
(83, 'Camy Kronberg', 2, '1992-10-12', 1721793939),
(84, 'Fredy Gardenberg', 5, '1992-04-28', 226),
(85, 'Eckart Kromberg', 19, '2006-10-25', 168803406),
(86, 'Berengar Mauch', 17, '1970-10-18', 2146594889),
(87, 'Zélenya Hildesheimer', 12, '1990-08-01', 949401591),
(88, 'Adine  Thaler', 19, '1981-06-28', 103917063),
(89, 'Xemerius Baumbach', 6, '1995-11-19', 1413),
(90, 'Degenhard Burkhard', 9, '1983-05-09', 1711847340),
(91, 'Alicandra  Dorn', 20, '1972-09-02', 4873),
(92, 'Fredegar Högl', 6, '1971-03-12', 1529629951),
(93, 'Thure Herzog', 14, '2005-07-04', 14804451),
(94, 'Adina  Klinger', 11, '1970-01-06', 922),
(95, 'Aleksis  Vogt', 1, '1992-12-13', 1044431970),
(96, 'Otmar Langmann', 13, '1989-09-17', 400167870),
(97, 'Täve Baumann', 4, '1988-11-09', 1837581437),
(98, 'Selachnitan Feldkamp', 9, '1970-02-13', 6),
(99, 'Gangolf Bilderling', 6, '1984-05-09', 241817759),
(100, 'Jutta Buchmeyer', 11, '2020-12-24', 618424319);

-- 
-- Dumping data for table albumes
--
INSERT INTO albumes VALUES
(1, 'Beauty', 'Stereobandanar'),
(2, 'Movies', 'Cablifierridge'),
(3, 'Computers', 'Ampcordar'),
(4, 'Electronics', 'Cabtinepor'),
(5, 'Computers', 'Mictopommscope'),
(6, 'Pets', 'Monoleor'),
(7, 'Health', 'Charwoofaqury'),
(8, 'Gifts', 'Stereowooflet'),
(9, 'Health', 'Cartplottentor'),
(10, 'Audible', 'Ampceivimscope'),
(11, 'Outdoors', 'Continefridge'),
(12, 'Beauty', 'Micpicker'),
(13, 'Games', 'Chartingaer'),
(14, 'Shoes', 'Micculphone'),
(15, 'Toys', 'Reputator'),
(16, 'Tools', 'Comlescope'),
(17, 'Movies', 'Micpickaqulet'),
(18, 'Pets', 'Micbander'),
(19, 'Garden', 'Armlifiry'),
(20, 'Sports', 'Tabcordlet'),
(21, 'Jewelry', 'Renigaer'),
(22, 'Games', 'Comceivry'),
(23, 'Beauty', 'Stereocordador'),
(24, 'Automotive', 'Chartectentor'),
(25, 'Sports', 'Transtopommor'),
(26, 'Electronics', 'Speakleletentor'),
(27, 'Crafts', 'Tabholdry'),
(28, 'Pharmacy', 'Comcycler'),
(29, 'Music', 'Retaridge'),
(30, 'Games', 'Printwoofphone'),
(31, 'Electronics', 'Playfindentor'),
(32, 'Gifts', 'Ampcorder'),
(33, 'Games', 'Anculra'),
(34, 'Books', 'Playlicter'),
(35, 'Pets', 'Cleancessupry'),
(36, 'Computers', 'Comlifior'),
(37, 'Jewelry', 'Stereocordexry'),
(38, 'Crafts', 'Printholdopon'),
(39, 'Health', 'Subpickinentor'),
(40, 'Electronics', 'Tabjecter'),
(41, 'Automotive', 'Recorder'),
(42, 'Gifts', 'Combandedgphone'),
(43, 'Patio', 'Stereoholdra'),
(44, 'Outdoors', 'Printleoller'),
(45, 'Beauty', 'Renier'),
(46, 'Automotive', 'Supteller'),
(47, 'Home', 'Transfindewlet'),
(48, 'Audible', 'Tablifigaer'),
(49, 'Games', 'Tweetholdator'),
(50, 'Tools', 'Miccordlet'),
(51, 'Office', 'Comcycler'),
(52, 'Jewelry', 'Speaknier'),
(53, 'Jewelry', 'Monoputgaor'),
(54, 'Tools', 'Bitaicer'),
(55, 'Clothing', 'Receiver'),
(56, 'Clothing', 'Mictinar'),
(57, 'Office', 'Subceivedgon'),
(58, 'Sports', 'Comcorder'),
(59, 'Jewelry', 'Comcesser'),
(60, 'Toys', 'Montellphone'),
(61, 'Pharmacy', 'Tabtectar'),
(62, 'Shoes', 'Biwoofewridge'),
(63, 'Garden', 'Tabtecton'),
(64, 'Pets', 'Mictaanlet'),
(65, 'Computers', 'Cleanculfilet'),
(66, 'Jewelry', 'Tabmutinor'),
(67, 'Jewelry', 'Miccessator'),
(68, 'Audible', 'Armcorder'),
(69, 'Outdoors', 'Stereocordphone'),
(70, 'Tools', 'Cabtinon'),
(71, 'Pets', 'Tabjectadon'),
(72, 'Sports', 'Cabtinplon'),
(73, 'Health', 'Cleanholdar'),
(74, 'Games', 'Combanderlet'),
(75, 'Computers', 'Mictellinphone'),
(76, 'Sports', 'Tweettaor'),
(77, 'Audible', 'Tabculfier'),
(78, 'Electronics', 'Anputicphone'),
(79, 'Patio', 'Playlififior'),
(80, 'Home', 'Supceivor'),
(81, 'Games', 'Printmutry'),
(82, 'Shoes', 'Charholdlet'),
(83, 'Audible', 'Computar'),
(84, 'Toys', 'Tabjecter'),
(85, 'Garden', 'Tecorder'),
(86, 'Games', 'Speakleer'),
(87, 'Crafts', 'Tweettectoper'),
(88, 'Outdoors', 'Propickedscope'),
(89, 'Garden', 'Tweettectollar'),
(90, 'Health', 'Suptellon'),
(91, 'Patio', 'Cleanpickopon'),
(92, 'Outdoors', 'Cleanleupentor'),
(93, 'Electronics', 'Armlera'),
(94, 'Office', 'Mictectentor'),
(95, 'Health', 'Translictor'),
(96, 'Clothing', 'Stereowoofaner'),
(97, 'Toys', 'Playtinor'),
(98, 'Automotive', 'Tweettaar'),
(99, 'Home', 'Anpickanentor'),
(100, 'Books', 'Conputor');

-- 
-- Dumping data for table lanzan
--
INSERT INTO lanzan VALUES
(1, 95, 96),
(2, 27, 24),
(3, 65, 50),
(4, 56, 33),
(5, 57, 78),
(6, 82, 83),
(7, 54, 93),
(8, 41, 55),
(9, 23, 38),
(10, 27, 74),
(11, 18, 57),
(12, 86, 25),
(13, 82, 14),
(14, 47, 13),
(15, 70, 54),
(16, 22, 18),
(17, 38, 18),
(18, 51, 22),
(19, 76, 51),
(20, 37, 24),
(21, 24, 80),
(22, 86, 27),
(23, 79, 47),
(24, 89, 13),
(25, 7, 9),
(26, 19, 19),
(27, 33, 61),
(28, 2, 40),
(29, 14, 11),
(30, 35, 43),
(31, 28, 39),
(32, 92, 96),
(33, 96, 75),
(34, 76, 97),
(35, 61, 86),
(36, 20, 55),
(37, 15, 26),
(38, 12, 47),
(39, 53, 7),
(40, 93, 94),
(41, 15, 16),
(42, 36, 56),
(43, 62, 9),
(44, 13, 18),
(45, 20, 20),
(46, 10, 47),
(47, 21, 87),
(48, 26, 66),
(49, 16, 12),
(50, 76, 62),
(51, 71, 43),
(52, 3, 65),
(53, 86, 44),
(54, 79, 47),
(55, 66, 38),
(56, 7, 62),
(57, 10, 38),
(58, 50, 99),
(59, 21, 12),
(60, 58, 80),
(61, 15, 30),
(62, 87, 5),
(63, 56, 26),
(64, 25, 46),
(65, 43, 66),
(66, 9, 36),
(67, 41, 65),
(68, 49, 24),
(69, 18, 66),
(70, 40, 6),
(71, 88, 71),
(72, 20, 30),
(73, 52, 9),
(74, 76, 49),
(75, 69, 41),
(76, 34, 25),
(77, 73, 68),
(78, 43, 74),
(79, 95, 60),
(80, 63, 44),
(81, 15, 44),
(82, 25, 20),
(83, 18, 99),
(84, 20, 42),
(85, 3, 76),
(86, 30, 78),
(87, 84, 8),
(88, 93, 67),
(89, 39, 2),
(90, 86, 7),
(91, 23, 56),
(92, 86, 19),
(93, 86, 95),
(94, 13, 59),
(95, 10, 56),
(96, 28, 88),
(97, 12, 58),
(98, 50, 53),
(99, 92, 36),
(100, 51, 87);

-- 
-- Dumping data for table forman
--
INSERT INTO forman VALUES
(1, 10, 10),
(2, 19, 48),
(3, 62, 91),
(4, 16, 75),
(5, 56, 39),
(6, 22, 77),
(7, 69, 86),
(8, 72, 35),
(9, 62, 93),
(10, 6, 3),
(11, 24, 3),
(12, 53, 88),
(13, 63, 54),
(14, 38, 90),
(15, 69, 52),
(16, 18, 43),
(17, 89, 66),
(18, 22, 91),
(19, 76, 1),
(20, 62, 38),
(21, 26, 3),
(22, 42, 35),
(23, 93, 62),
(24, 28, 89),
(25, 7, 8),
(26, 94, 16),
(27, 30, 26),
(28, 93, 30),
(29, 27, 35),
(30, 92, 34),
(31, 15, 17),
(32, 69, 100),
(33, 9, 80),
(34, 16, 62),
(35, 83, 57),
(36, 27, 15),
(37, 2, 77),
(38, 45, 78),
(39, 80, 71),
(40, 31, 91),
(41, 18, 93),
(42, 83, 45),
(43, 95, 87),
(44, 61, 77),
(45, 87, 37),
(46, 80, 96),
(47, 30, 39),
(48, 34, 1),
(49, 8, 69),
(50, 25, 8),
(51, 51, 11),
(52, 34, 15),
(53, 48, 96),
(54, 18, 55),
(55, 54, 58),
(56, 63, 4),
(57, 32, 63),
(58, 72, 22),
(59, 70, 61),
(60, 38, 65),
(61, 27, 22),
(62, 56, 85),
(63, 72, 56),
(64, 58, 75),
(65, 46, 78),
(66, 78, 15),
(67, 86, 62),
(68, 30, 73),
(69, 76, 88),
(70, 99, 37),
(71, 58, 56),
(72, 53, 33),
(73, 35, 65),
(74, 82, 93),
(75, 47, 52),
(76, 6, 17),
(77, 35, 67),
(78, 50, 86),
(79, 66, 94),
(80, 96, 66),
(81, 47, 87),
(82, 83, 92),
(83, 4, 81),
(84, 34, 95),
(85, 61, 36),
(86, 84, 81),
(87, 68, 80),
(88, 39, 42),
(89, 84, 75),
(90, 100, 3),
(91, 27, 57),
(92, 27, 99),
(93, 15, 35),
(94, 41, 69),
(95, 88, 33),
(96, 61, 75),
(97, 100, 70),
(98, 16, 79),
(99, 12, 77),
(100, 8, 2);

-- 
-- Restore previous SQL mode
-- 
/*!40101 SET SQL_MODE=@OLD_SQL_MODE */;

-- 
-- Enable foreign keys
-- 
/*!40014 SET FOREIGN_KEY_CHECKS = @OLD_FOREIGN_KEY_CHECKS */;